{
  "adder_n4": {
    "F_total": 0.90842183,
    "F_idle": 0.99874482,
    "xw_ratio": 0.250879080297362,
    "n_idle": 2,
    "xw": 0.501758160594724
  },
  "qaoa_n6": {
    "F_total": 0.75278135,
    "F_idle": 1.0,
    "xw_ratio": 0,
    "n_idle": 0,
    "xw": 0
  },
  "qft_n10": {
    "F_total": 0.50880225,
    "F_idle": 0.99749122,
    "xw_ratio": 0.250879080297362,
    "n_idle": 4,
    "xw": 1.003516321189448
  },
  "sat_n11": {
    "F_total": 0.12110791,
    "F_idle": 0.97624626,
    "xw_ratio": 0.08424683149716272,
    "n_idle": 114,
    "xw": 9.60413879067655
  },
  "bv_n14": {
    "F_total": 0.85376086,
    "F_idle": 0.99999331,
    "xw_ratio": 0.002672024967401295,
    "n_idle": 1,
    "xw": 0.002672024967401295
  },
  "multiplier_n15": {
    "F_total": 0.10680514,
    "F_idle": 0.97262965,
    "xw_ratio": 0.0981139446463835,
    "n_idle": 113,
    "xw": 11.086875745041334
  },
  "qnn_n15": {
    "F_total": 0.49234445,
    "F_idle": 0.99436336,
    "xw_ratio": 0.12545588712500952,
    "n_idle": 18,
    "xw": 2.2582059682501714
  },
  "vqc_n15": {
    "F_total": 0.02247411,
    "F_idle": 0.91904937,
    "xw_ratio": 0.22633522490614583,
    "n_idle": 149,
    "xw": 33.72394851101573
  },
  "qram_n20": {
    "F_total": 0.3843242,
    "F_idle": 0.99110019,
    "xw_ratio": 0.1488077776564041,
    "n_idle": 24,
    "xw": 3.5713866637536986
  },
  "knn_n25": {
    "F_total": 0.37656584,
    "F_idle": 0.98960551,
    "xw_ratio": 0.11595357555205738,
    "n_idle": 36,
    "xw": 4.174328719874065
  },
  "ising_n26": {
    "F_total": 0.67001406,
    "F_idle": 1.0,
    "xw_ratio": 0,
    "n_idle": 0,
    "xw": 0
  },
  "wstate_n27": {
    "F_total": 0.48268224,
    "F_idle": 0.99997394,
    "xw_ratio": 0.005205541427947479,
    "n_idle": 2,
    "xw": 0.010411082855894958
  },
  "ghz_n30": {
    "F_total": 0.63728435,
    "F_idle": 0.99999998,
    "xw_ratio": 9.805895009997305e-06,
    "n_idle": 1,
    "xw": 9.805895009997305e-06
  },
  "cat_n35": {
    "F_total": 0.56554651,
    "F_idle": 0.99999998,
    "xw_ratio": 6.611568169300566e-06,
    "n_idle": 1,
    "xw": 6.611568169300566e-06
  }
}