{
  "adder_n4": {
    "ZAP": 0.91396646,
    "NAC_base": 0.9052447,
    "NAC_xw": 0.91782062,
    "f_idle": 0.99874482,
    "f_tr": 0.97432241
  },
  "qaoa_n6": {
    "ZAP": 0.74726711,
    "NAC_base": 0.75137137,
    "NAC_xw": 0.76422822,
    "f_idle": 0.9945409,
    "f_tr": 0.94740651
  },
  "qft_n10": {
    "ZAP": 0.50285251,
    "NAC_base": 0.50574803,
    "NAC_xw": 0.51077255,
    "f_idle": 0.99621323,
    "f_tr": 0.87803832
  },
  "sat_n11": {
    "ZAP": 0.08330499,
    "NAC_base": 0.08866929,
    "NAC_xw": 0.13067068,
    "f_idle": 0.94708822,
    "f_tr": 0.60274975
  },
  "bv_n14": {
    "ZAP": 0.85468126,
    "NAC_base": 0.8497414,
    "NAC_xw": 0.85761392,
    "f_idle": 0.99996149,
    "f_tr": 0.94930417
  },
  "multiplier_n15": {
    "ZAP": 0.08238325,
    "NAC_base": 0.0804897,
    "NAC_xw": 0.1187235,
    "f_idle": 0.95142514,
    "f_tr": 0.54318506
  },
  "qnn_n15": {
    "ZAP": 0.46026859,
    "NAC_base": 0.46325505,
    "NAC_xw": 0.51344876,
    "f_idle": 0.98940172,
    "f_tr": 0.84022375
  },
  "vqc_n15": {
    "ZAP": 0.01665062,
    "NAC_base": 0.01614141,
    "NAC_xw": 0.02358343,
    "f_idle": 0.92159226,
    "f_tr": 0.36990934
  },
  "qram_n20": {
    "ZAP": 0.35839496,
    "NAC_base": 0.36699445,
    "NAC_xw": 0.40701879,
    "f_idle": 0.98457826,
    "f_tr": 0.83019633
  },
  "knn_n25": {
    "ZAP": 0.32151727,
    "NAC_base": 0.33557463,
    "NAC_xw": 0.39787291,
    "f_idle": 0.98188468,
    "f_tr": 0.77404282
  },
  "ising_n26": {
    "ZAP": 0.65784045,
    "NAC_base": 0.65798777,
    "NAC_xw": 0.67001406,
    "f_idle": 1.0,
    "f_tr": 0.9230794
  },
  "wstate_n27": {
    "ZAP": 0.49168525,
    "NAC_base": 0.4715791,
    "NAC_xw": 0.49328286,
    "f_idle": 0.99997394,
    "f_tr": 0.8137492
  },
  "ghz_n30": {
    "ZAP": 0.64328002,
    "NAC_base": 0.63623594,
    "NAC_xw": 0.64293464,
    "f_idle": 0.99985205,
    "f_tr": 0.89042354
  },
  "cat_n35": {
    "ZAP": 0.56458106,
    "NAC_base": 0.566192,
    "NAC_xw": 0.57240964,
    "f_idle": 0.99999931,
    "f_tr": 0.87278324
  }
}