{
  "baseline": {
    "adder_n4": {
      "F_total": 0.905245,
      "F_idle": 0.995006,
      "F_tr": 0.964623,
      "F_dec": 0.998502,
      "dur": 1327.009802
    },
    "qaoa_n6": {
      "F_total": 0.751371,
      "F_idle": 1.0,
      "F_tr": 0.930497,
      "F_dec": 0.990085,
      "dur": 3831.985003
    },
    "qft_n10": {
      "F_total": 0.505748,
      "F_idle": 1.0,
      "F_tr": 0.869297,
      "F_dec": 0.962414,
      "dur": 7392.226518
    },
    "sat_n11": {
      "F_total": 0.088669,
      "F_idle": 0.673347,
      "F_tr": 0.584927,
      "F_dec": 0.850399,
      "dur": 26514.675036
    },
    "bv_n14": {
      "F_total": 0.849741,
      "F_idle": 0.9975,
      "F_tr": 0.945513,
      "F_dec": 0.970031,
      "dur": 3596.72733
    },
    "multiplier_n15": {
      "F_total": 0.08049,
      "F_idle": 0.738689,
      "F_tr": 0.502407,
      "F_dec": 0.72426,
      "dur": 35847.236738
    },
    "qnn_n15": {
      "F_total": 0.463255,
      "F_idle": 0.948792,
      "F_tr": 0.813749,
      "F_dec": 0.899256,
      "dur": 11849.022996
    },
    "vqc_n15": {
      "F_total": 0.016141,
      "F_idle": 0.685249,
      "F_tr": 0.35611,
      "F_dec": 0.646971,
      "dur": 47463.277039
    },
    "qram_n20": {
      "F_total": 0.366994,
      "F_idle": 0.93934,
      "F_tr": 0.800826,
      "F_dec": 0.867682,
      "dur": 11793.587079
    },
    "knn_n25": {
      "F_total": 0.335575,
      "F_idle": 0.916118,
      "F_tr": 0.734802,
      "F_dec": 0.793512,
      "dur": 14885.576647
    },
    "ising_n26": {
      "F_total": 0.657988,
      "F_idle": 1.0,
      "F_tr": 0.923079,
      "F_dec": 0.944313,
      "dur": 3706.529325
    },
    "wstate_n27": {
      "F_total": 0.471579,
      "F_idle": 0.9975,
      "F_tr": 0.805648,
      "F_dec": 0.78592,
      "dur": 14032.477492
    },
    "ghz_n30": {
      "F_total": 0.636236,
      "F_idle": 0.9975,
      "F_tr": 0.886867,
      "F_dec": 0.846575,
      "dur": 8678.760023
    },
    "cat_n35": {
      "F_total": 0.566192,
      "F_idle": 0.9975,
      "F_tr": 0.869297,
      "F_dec": 0.790714,
      "dur": 10423.305403
    }
  },
  "always_move": {
    "adder_n4": {
      "F_total": 0.906001,
      "F_idle": 1.0,
      "F_tr": 0.96077,
      "F_dec": 0.998333,
      "dur": 1435.021529
    },
    "qaoa_n6": {
      "F_total": 0.7312,
      "F_idle": 1.0,
      "F_tr": 0.906604,
      "F_dec": 0.988899,
      "dur": 4353.795192
    },
    "qft_n10": {
      "F_total": 0.398639,
      "F_idle": 1.0,
      "F_tr": 0.697551,
      "F_dec": 0.945366,
      "dur": 11212.300652
    },
    "sat_n11": {
      "F_total": 0.093405,
      "F_idle": 1.0,
      "F_tr": 0.456397,
      "F_dec": 0.77307,
      "dur": 40969.581405
    },
    "bv_n14": {
      "F_total": 0.851788,
      "F_idle": 1.0,
      "F_tr": 0.945513,
      "F_dec": 0.969936,
      "dur": 3607.993043
    },
    "multiplier_n15": {
      "F_total": 0.072114,
      "F_idle": 1.0,
      "F_tr": 0.368432,
      "F_dec": 0.653629,
      "dur": 47287.357591
    },
    "qnn_n15": {
      "F_total": 0.444242,
      "F_idle": 1.0,
      "F_tr": 0.749654,
      "F_dec": 0.888144,
      "dur": 13373.799141
    },
    "vqc_n15": {
      "F_total": 0.014403,
      "F_idle": 1.0,
      "F_tr": 0.262719,
      "F_dec": 0.53621,
      "dur": 67697.296478
    },
    "qram_n20": {
      "F_total": 0.314398,
      "F_idle": 1.0,
      "F_tr": 0.679639,
      "F_dec": 0.822741,
      "dur": 16230.075106
    },
    "knn_n25": {
      "F_total": 0.29322,
      "F_idle": 1.0,
      "F_tr": 0.651672,
      "F_dec": 0.716226,
      "dur": 21343.615605
    },
    "ising_n26": {
      "F_total": 0.515391,
      "F_idle": 1.0,
      "F_tr": 0.780263,
      "F_dec": 0.87505,
      "dur": 8482.65439
    },
    "wstate_n27": {
      "F_total": 0.387311,
      "F_idle": 1.0,
      "F_tr": 0.666175,
      "F_dec": 0.77867,
      "dur": 14958.816509
    },
    "ghz_n30": {
      "F_total": 0.636995,
      "F_idle": 1.0,
      "F_tr": 0.886867,
      "F_dec": 0.845467,
      "dur": 8746.510044
    },
    "cat_n35": {
      "F_total": 0.567223,
      "F_idle": 1.0,
      "F_tr": 0.869297,
      "F_dec": 0.790173,
      "dur": 10453.45527
    }
  },
  "always_stay": {
    "adder_n4": {
      "F_total": 0.91205,
      "F_idle": 0.990037,
      "F_tr": 0.976274,
      "F_dec": 0.998991,
      "dur": 978.586178
    },
    "qaoa_n6": {
      "F_total": 0.695742,
      "F_idle": 0.900206,
      "F_tr": 0.953111,
      "F_dec": 0.994251,
      "dur": 2523.841532
    },
    "qft_n10": {
      "F_total": 0.423272,
      "F_idle": 0.802298,
      "F_tr": 0.897579,
      "F_dec": 0.972317,
      "dur": 5656.450162
    },
    "sat_n11": {
      "F_total": 0.032773,
      "F_idle": 0.204541,
      "F_tr": 0.676925,
      "F_dec": 0.894099,
      "dur": 19006.479491
    },
    "bv_n14": {
      "F_total": 0.705,
      "F_idle": 0.822634,
      "F_tr": 0.949304,
      "F_dec": 0.971978,
      "dur": 3352.959952
    },
    "multiplier_n15": {
      "F_total": 0.00478,
      "F_idle": 0.031294,
      "F_tr": 0.633669,
      "F_dec": 0.804928,
      "dur": 24434.486854
    },
    "qnn_n15": {
      "F_total": 0.214565,
      "F_idle": 0.386281,
      "F_tr": 0.883325,
      "F_dec": 0.942453,
      "dur": 6822.124752
    },
    "vqc_n15": {
      "F_total": 0.014048,
      "F_idle": 0.545661,
      "F_tr": 0.378899,
      "F_dec": 0.664596,
      "dur": 44449.618564
    },
    "qram_n20": {
      "F_total": 0.185513,
      "F_idle": 0.415365,
      "F_tr": 0.874531,
      "F_dec": 0.908304,
      "dur": 8137.188714
    },
    "knn_n25": {
      "F_total": 0.014071,
      "F_idle": 0.03153,
      "F_tr": 0.843593,
      "F_dec": 0.842059,
      "dur": 11116.333511
    },
    "ising_n26": {
      "F_total": 0.652767,
      "F_idle": 0.990037,
      "F_tr": 0.924928,
      "F_dec": 0.944356,
      "dur": 3699.360875
    },
    "wstate_n27": {
      "F_total": 0.231712,
      "F_idle": 0.441082,
      "F_tr": 0.853782,
      "F_dec": 0.824068,
      "dur": 11280.644419
    },
    "ghz_n30": {
      "F_total": 0.234126,
      "F_idle": 0.361942,
      "F_tr": 0.890424,
      "F_dec": 0.855131,
      "dur": 8157.149148
    },
    "cat_n35": {
      "F_total": 0.141996,
      "F_idle": 0.24555,
      "F_tr": 0.872783,
      "F_dec": 0.802358,
      "dur": 9778.719946
    }
  }
}