{
  "10": {
    "F_total": 0.830309,
    "F_2q": 0.927569,
    "F_idle": 0.995006,
    "F_tr": 0.917555,
    "F_dec": 0.983419,
    "dur": 2929.169559,
    "compile_s": 0.002929,
    "n_2q": 15,
    "n_q": 10
  },
  "20": {
    "F_total": 0.671674,
    "F_2q": 0.860384,
    "F_idle": 0.992519,
    "F_tr": 0.850372,
    "F_dec": 0.930518,
    "dur": 5844.071423,
    "compile_s": 0.005844,
    "n_2q": 30,
    "n_q": 20
  },
  "40": {
    "F_total": 0.394006,
    "F_2q": 0.740261,
    "F_idle": 0.95117,
    "F_tr": 0.743677,
    "F_dec": 0.761531,
    "dur": 10648.567635,
    "compile_s": 0.010649,
    "n_2q": 60,
    "n_q": 40
  },
  "60": {
    "F_total": 0.187945,
    "F_2q": 0.636909,
    "F_idle": 0.965563,
    "F_tr": 0.642608,
    "F_dec": 0.484223,
    "dur": 18611.904817,
    "compile_s": 0.018612,
    "n_2q": 90,
    "n_q": 60
  },
  "80": {
    "F_total": 0.09322,
    "F_2q": 0.547986,
    "F_idle": 0.860546,
    "F_tr": 0.541016,
    "F_dec": 0.374265,
    "dur": 18888.506264,
    "compile_s": 0.018889,
    "n_2q": 120,
    "n_q": 80
  },
  "100": {
    "F_total": 0.026585,
    "F_2q": 0.471479,
    "F_idle": 0.900206,
    "F_tr": 0.485604,
    "F_dec": 0.132917,
    "dur": 30780.108612,
    "compile_s": 0.03078,
    "n_2q": 150,
    "n_q": 100
  }
}