{
  "qft_n10": {
    "fidelity": 0.50285251,
    "n_qubits": 10,
    "time_s": 0.1232534000009764
  },
  "multiplier_n15": {
    "fidelity": 0.08238325,
    "n_qubits": 15,
    "time_s": 0.29513199999928474
  },
  "ising_n26": {
    "fidelity": 0.65784045,
    "n_qubits": 26,
    "time_s": 0.04260649999923771
  },
  "qram_n20": {
    "fidelity": 0.35839496,
    "n_qubits": 20,
    "time_s": 0.12347630000294885
  },
  "ghz_n30": {
    "fidelity": 0.64328002,
    "n_qubits": 30,
    "time_s": 0.12148090000118827
  }
}